id,"text",question_id,"created_at","updated_at",rate
1,"理念・方針を理解していなかった",1,"2018-02-02 07:20:50","2018-02-02 07:20:50",0
2,"理念・方針を意識はしていたが、理解は不足していた",1,"2018-02-02 07:21:00","2018-02-02 07:21:00",1
3,"理念・方針への理解は普通であった",1,"2018-02-02 07:21:09","2018-02-02 07:21:09",2
4,"理念・方針を理解し、一部、行動にも表れていた",1,"2018-02-02 07:21:21","2018-02-02 07:21:21",3
5,"理念・方針を理解し、常に行動に移していた",1,"2018-02-02 07:21:30","2018-02-02 07:21:30",4
6,"乱れが見られ、問題があった",2,"2018-02-02 07:21:38","2018-02-02 07:21:38",0
7,"清潔感への配慮が欠けており、挨拶も積極的ではなかった",2,"2018-02-02 07:21:49","2018-02-02 07:21:49",1
8,"挨拶、身だしなみ、言葉遣いについては問題なく標準的であった",2,"2018-02-02 07:22:00","2018-02-02 07:22:00",2
9,"基本マナーへの意識が高く、積極的な挨拶で職場を明るくした",2,"2018-02-02 07:27:22","2018-02-02 07:27:22",3
10,"基本マナーについては模範的であり、周囲へも注意を行っていた",2,"2018-02-02 07:33:14","2018-02-02 07:33:14",4
11,"かなり不足しているばかりでなく、意欲も見られなかった",3,"2018-02-02 07:33:49","2018-02-02 07:33:49",0
12,"最低限の知識は持っているが、日常の業務にはやや不足していた",3,"2018-02-02 07:34:03","2018-02-02 07:34:03",1
13,"基本的な知識はほぼマスターしており、日常の業務には支障はなかった",3,"2018-02-02 07:34:14","2018-02-02 07:34:14",2
14,"基本的な知識はかなり持っており、日常業務にも充分活用されていた",3,"2018-02-02 07:34:28","2018-02-02 07:34:28",3
15,"現在の業務に必要な知識ばかりでなく、付随業務についてもよく研究して活用していた",3,"2018-02-02 07:34:37","2018-02-02 07:34:37",4
16,"ミスが多く、顧客や周囲に迷惑をかけた",4,"2018-02-02 07:34:48","2018-02-02 07:34:48",0
17,"努力はしているがミスがしばしばあった",4,"2018-02-02 07:34:57","2018-02-02 07:34:57",1
18,"問題ない正確さで処理できていた",4,"2018-02-02 07:35:06","2018-02-02 07:35:06",2
19,"常に正確に処理できていた",4,"2018-02-02 07:35:19","2018-02-02 07:35:19",3
20,"正確な処理を行い、他者のチェックも行っていた",4,"2018-02-02 07:35:30","2018-02-02 07:35:30",4
21,"パソコンスキルに問題があり、業務に支障をきたした",5,"2018-02-02 07:35:46","2018-02-02 07:35:46",0
22,"パソコンスキルは物足りず、周囲に手助けしてもらうこともあった",5,"2018-02-02 07:35:55","2018-02-02 07:35:55",1
23,"最低限のパソコンスキルは有しており、業務上大きな問題はなかった",5,"2018-02-02 07:36:06","2018-02-02 07:36:06",2
24,"基本的なパソコンスキルを有し、業務に十分活用していた",5,"2018-02-02 07:36:16","2018-02-02 07:36:16",3
25,"高いパソコンスキルを有し、効率的な仕事で周囲の役に立っていた",5,"2018-02-02 07:36:25","2018-02-02 07:36:25",4
26,"自社のサービスや商品に対して勉強が足りなかった",6,"2018-02-02 07:36:42","2018-02-02 07:36:42",0
27,"自社のサービスや商品を勉強していたが、理解は十分ではなかった",6,"2018-02-02 07:36:52","2018-02-02 07:36:52",1
28,"自社のサービスや商品に対する理解度は普通で、大きな問題はなかった",6,"2018-02-02 07:37:06","2018-02-02 07:37:06",2
29,"自社のサービスや商品に対してよく勉強しており、理解していた",6,"2018-02-02 07:37:15","2018-02-02 07:37:15",3
30,"自社のサービスや商品に対する理解度が高く、業務遂行に役立っていた",6,"2018-02-02 07:37:23","2018-02-02 07:37:23",4
31,"顧客との関係維持に対する意識が低く、問題があった",7,"2018-02-02 07:37:49","2018-02-02 07:37:49",0
32,"顧客との関係維持に対して意識はしていたが、物足りなかった",7,"2018-02-02 07:38:05","2018-02-02 07:38:05",1
35,"顧客との関係維持は普通であった",7,"2018-02-02 07:49:10","2018-02-02 07:49:10",2
36,"顧客維持に対する意識が高く、良い関係を保っていた",7,"2018-02-02 07:49:22","2018-02-02 07:49:22",3
37,"顧客意地に対する意識が高く、顧客との関係性が強まった",7,"2018-02-02 07:49:33","2018-02-02 07:49:33",4
38,"決められた時間内でこなせないことが多かった",8,"2018-02-02 07:49:44","2018-02-02 07:49:44",0
39,"決められた時間内でこなそうとしていたが、遅れることがあった",8,"2018-02-02 07:50:00","2018-02-02 07:50:00",1
40,"決められた時間内でこなしており、遅れることはなかった",8,"2018-02-02 07:50:10","2018-02-02 07:50:10",2
41,"決められた時間より迅速にこなしており、遅れることはなかった",8,"2018-02-02 07:50:23","2018-02-02 07:50:23",3
42,"決められた時間より迅速に余裕を持ってこなし、他の手伝いもできた",8,"2018-02-02 07:50:38","2018-02-02 07:50:38",4
43,"意識が希薄で、乱雑な状態であった",9,"2018-02-02 07:51:47","2018-02-02 07:51:47",0
44,"整理・整頓・美化を心がけていたが、不十分だった",9,"2018-02-02 07:52:10","2018-02-02 07:52:10",1
45,"整理・整頓・美化の意識を持ち、問題なく実行していた",9,"2018-02-02 07:52:22","2018-02-02 07:52:22",2
46,"美化意識が強く、会社全体の整理整頓に貢献した",9,"2018-02-02 07:52:37","2018-02-02 07:52:37",3
47,"美化の意識が強く、周囲にも働きかけ、他の模範となった",9,"2018-02-02 07:52:51","2018-02-02 07:52:51",4
48,"ほとんど独力では処理ができなかった",10,"2018-02-02 07:53:04","2018-02-02 07:53:04",0
49,"一応処理にあたるが、遅れたり、不適切なことが多かった",10,"2018-02-02 07:53:14","2018-02-02 07:53:14",1
50,"自分で対処できることの判断ができ、ほぼ問題は発生しなかった",10,"2018-02-02 07:53:23","2018-02-02 07:53:23",2
51,"内容を理解し、的確に処理し、報告も遅れず行った",10,"2018-02-02 07:53:32","2018-02-02 07:53:32",3
52,"内容を理解し、常に迅速かつ的確な処理を行い、報告も十分であった",10,"2018-02-02 07:53:41","2018-02-02 07:53:41",4
53,"自分には関係ないという姿勢で意欲が低く、消極的であった",11,"2018-02-02 07:53:54","2018-02-02 07:53:54",0
54,"意欲や意識が物足りず、積極的な行動には結びつかなかった",11,"2018-02-02 07:54:18","2018-02-02 07:54:18",1
55,"意欲や意識レベルは普通であり、積極性が見られる場面もあった",11,"2018-02-02 07:54:38","2018-02-02 07:54:38",2
56,"何事に対しても自らの問題として捉え、積極的に行動していた",11,"2018-02-02 07:54:48","2018-02-02 07:54:48",3
57,"高い意識で積極的に行動し、周囲に良い影響を与えていた",11,"2018-02-02 07:54:58","2018-02-02 07:54:58",4
58,"チームワークやコミュニケーションに対する意識が希薄であった",12,"2018-02-02 07:55:08","2018-02-02 07:55:08",0
59,"チームワークやコミュニケーションを意識していたが、物足りないレベルであった",12,"2018-02-02 07:55:21","2018-02-02 07:55:21",1
60,"チームワークやコミュニケーションは標準的であった",12,"2018-02-02 07:55:33","2018-02-02 07:55:33",2
61,"チームワークを重視した行動をとり、コミュニケーションも十分であった",12,"2018-02-02 07:55:44","2018-02-02 07:55:44",3
62,"チームワーク・コミュニケーションは模範的であった",12,"2018-02-02 07:55:55","2018-02-02 07:55:55",4
63,"ルールを破り、悪影響を与えた",13,"2018-02-02 07:56:04","2018-02-02 07:56:04",0
64,"時にはルーズなこともあり、周囲に迷惑をかけることもあった",13,"2018-02-02 07:56:21","2018-02-02 07:56:21",1
65,"決められたルールは、ほぼ守っていた",13,"2018-02-02 07:56:31","2018-02-02 07:56:31",2
66,"ルール違反は一度もなかった",13,"2018-02-02 07:56:40","2018-02-02 07:56:40",3
67,"ルールは完璧に守り、他の職員へも良い影響を与えた",13,"2018-02-02 07:56:50","2018-02-02 07:56:50",4
68,"意識が希薄で、指導されていた",14,"2018-02-02 07:57:02","2018-02-02 07:57:02",0
69,"意識はあったが不十分であり、徹底も弱かった",14,"2018-02-02 07:57:11","2018-02-02 07:57:11",1
70,"意識面に問題はなく、普通には実践していた",14,"2018-02-02 07:57:21","2018-02-02 07:57:21",2
71,"徹底して遵守していた",14,"2018-02-02 07:57:31","2018-02-02 07:57:31",3
72,"他の模範となるレベルで、周囲へも徹底し、部署全体の意識を高めた",14,"2018-02-02 07:57:39","2018-02-02 07:57:39",4
73,"報告・連絡・相談を行わず、支障をきたした",15,"2018-02-02 07:58:08","2018-02-02 07:58:08",0
74,"報告・連絡・相談が不十分であった",15,"2018-02-02 07:58:17","2018-02-02 07:58:17",1
75,"報告・連絡・相談は問題なく行っていた",15,"2018-02-02 07:58:25","2018-02-02 07:58:25",2
76,"報告・連絡・相談に抜け・もれはなく、安心できた",15,"2018-02-02 07:58:34","2018-02-02 07:58:34",3
77,"報告・連絡・相談を率先して行い、周囲の手本となった",15,"2018-02-02 07:58:44","2018-02-02 07:58:44",4
498,"乱れが見られ、問題があった",73,"2018-03-06 07:09:08","2018-03-06 07:09:08",0
499,"清潔感への配慮が欠けており、挨拶も積極的ではなかった",73,"2018-03-06 07:09:08","2018-03-06 07:09:08",1
500,"挨拶、身だしなみ、言葉遣いについては問題なく標準的であった",73,"2018-03-06 07:09:08","2018-03-06 07:09:08",2
501,"基本マナーへの意識が高く、積極的な挨拶で職場を明るくした",73,"2018-03-06 07:09:08","2018-03-06 07:09:08",3
502,"基本マナーについては模範的であり、周囲へも注意を行っていた",73,"2018-03-06 07:09:08","2018-03-06 07:09:08",4
553,"理念・方針を理解していなかった",81,"2018-03-07 08:00:45","2018-03-07 08:00:45",0
554,"理念・方針を最低限は理解していたが、行動が伴わなかった",81,"2018-03-07 08:00:45","2018-03-07 08:00:45",1
555,"理念・方針への理解は普通で、理念に則った行動を心がけていた",81,"2018-03-07 08:00:45","2018-03-07 08:00:45",2
556,"理念・方針をよく理解し、理念・方針に則った行動をとっていた",81,"2018-03-07 08:00:45","2018-03-07 08:00:45",3
557,"理念・方針を深く理解し、自身の行動のみならず、他者へもよい影響を与えた",81,"2018-03-07 08:00:45","2018-03-07 08:00:45",4
558,"意識が希薄で、周囲から注意を受けていた",82,"2018-03-07 08:26:05","2018-03-07 08:26:05",0
559,"意識はしていたが、物足りなかった",82,"2018-03-07 08:26:05","2018-03-07 08:26:05",1
560,"５Ｓの必要性に対する理解度は普通程度であった",82,"2018-03-07 08:26:05","2018-03-07 08:26:05",2
561,"５Ｓに対して強い意識を持ち、実行を心がけていた",82,"2018-03-07 08:26:05","2018-03-07 08:26:05",3
562,"５Ｓに対して強い意識を持ち実行し、周囲にも良い影響を与えていた",82,"2018-03-07 08:26:05","2018-03-07 08:26:05",4
563,"意識が希薄で、周囲から注意を受けていた",83,"2018-03-07 08:32:44","2018-03-07 08:32:44",0
564,"意識はしていたが、物足りなかった",83,"2018-03-07 08:32:44","2018-03-07 08:32:44",1
565,"５Ｓの必要性に対する理解度は普通程度であった",83,"2018-03-07 08:32:44","2018-03-07 08:32:44",2
566,"５Ｓに対して強い意識を持ち、実行を心がけていた",83,"2018-03-07 08:32:44","2018-03-07 08:32:44",3
567,"５Ｓに対して強い意識を持ち実行し、周囲にも良い影響を与えていた",83,"2018-03-07 08:32:44","2018-03-07 08:32:44",4
568,"安全管理の意識が希薄で、周囲から指導を受けていた",84,"2018-03-07 14:26:20","2018-03-07 14:26:20",0
569,"安全管理に対して意識はしていたが、物足りなかった",84,"2018-03-07 14:26:20","2018-03-07 14:26:20",1
570,"安全管理に対する意識は普通であった",84,"2018-03-07 14:26:20","2018-03-07 14:26:20",2
571,"安全管理に対する意識が高かった",84,"2018-03-07 14:26:20","2018-03-07 14:26:20",3
572,"安全管理に対する意識が高く、他の模範となるレベルであった",84,"2018-03-07 14:26:20","2018-03-07 14:26:20",4
573,"ミスが多く、顧客や周囲に迷惑をかけた",85,"2018-03-07 14:28:57","2018-03-07 14:28:57",0
574,"努力はしているがミスがしばしばあった",85,"2018-03-07 14:28:57","2018-03-07 14:28:57",1
575,"問題ない正確さで処理できていた",85,"2018-03-07 14:28:57","2018-03-07 14:28:57",2
576,"常に正確に処理できていた",85,"2018-03-07 14:28:57","2018-03-07 14:28:57",3
577,"正確な処理を行い、他者のチェックも行っていた",85,"2018-03-07 14:28:57","2018-03-07 14:28:57",4
578,"かなり不足しているばかりでなく、意欲も見られなかった",86,"2018-03-07 14:31:45","2018-03-07 14:31:45",0
579,"最低限の知識・技能は持っているが、日常業務にやや不足していた",86,"2018-03-07 14:31:45","2018-03-07 14:31:45",1
580,"必要な知識・技能はほぼマスターしており、業務には支障はなかった",86,"2018-03-07 14:31:45","2018-03-07 14:31:45",2
581,"必要な知識・技能はかなり持っており、日常業務にも十分活用されていた",86,"2018-03-07 14:31:45","2018-03-07 14:31:45",3
582,"現在の業務に必要な知識・技能ばかりでなく、更に研究し、活用していた",86,"2018-03-07 14:31:45","2018-03-07 14:31:45",4
583,"ミスが多く、顧客や周囲に迷惑をかけた",87,"2018-03-07 14:34:00","2018-03-07 14:34:00",0
584,"努力はしているがミスがしばしばあった",87,"2018-03-07 14:34:00","2018-03-07 14:34:00",1
585,"問題ない正確さで処理できていた",87,"2018-03-07 14:34:00","2018-03-07 14:34:00",2
586,"常に正確に処理できていた",87,"2018-03-07 14:34:00","2018-03-07 14:34:00",3
587,"正確な処理を行い、他者のチェックも行っていた",87,"2018-03-07 14:34:00","2018-03-07 14:34:00",4
588,"言われた業務をするだけで、合理化の意識が全くなかった",88,"2018-03-07 14:36:52","2018-03-07 14:36:52",0
589,"意識はあるが、実際の行動には至らなかった",88,"2018-03-07 14:36:52","2018-03-07 14:36:52",1
590,"できるだけ無駄をなくし合理化を図ろうと努めていた",88,"2018-03-07 14:36:52","2018-03-07 14:36:52",2
591,"常に意識を持ち、積極的に改善を図り、それなりの成果も出ていた",88,"2018-03-07 14:36:52","2018-03-07 14:36:52",3
592,"常に意識を持ち、他の人に向けても積極的に働きかけ、成果をあげていた",88,"2018-03-07 14:36:52","2018-03-07 14:36:52",4
593,"決められた時間内でこなせないことが多かった",89,"2018-03-07 14:39:22","2018-03-07 14:39:22",0
594,"決められた時間内でこなそうとしていたが、遅れることがあった",89,"2018-03-07 14:39:22","2018-03-07 14:39:22",1
595,"決められた時間内でこなしており、遅れることはなかった",89,"2018-03-07 14:39:22","2018-03-07 14:39:22",2
596,"決められた時間より迅速にこなしており、遅れることはなかった",89,"2018-03-07 14:39:22","2018-03-07 14:39:22",3
597,"決められた時間より迅速に余裕を持ってこなし、他の手伝いもできた",89,"2018-03-07 14:39:22","2018-03-07 14:39:22",4
603,"決められた時間内でこなせないことが多かった",91,"2018-03-12 03:02:03","2018-03-12 03:02:03",0
604,"意識はあるが、実際の行動には至らなかった",91,"2018-03-12 03:02:03","2018-03-12 03:02:03",1
605,"できるだけ無駄をなくし合理化を図ろうと努めていた",91,"2018-03-12 03:02:03","2018-03-12 03:02:03",2
606,"決められた時間より迅速にこなしており、遅れることはなかった",91,"2018-03-12 03:02:03","2018-03-12 03:02:03",3
607,"決められた時間より迅速に余裕を持ってこなし、他の手伝いもできた",91,"2018-03-12 03:02:03","2018-03-12 03:02:03",4
608,"意識が希薄で、乱雑な状態であった",92,"2018-03-12 04:39:09","2018-03-12 04:39:09",0
609,"整理・整頓・美化を心がけていたが、不十分だった",92,"2018-03-12 04:39:09","2018-03-12 04:39:09",1
610,"整理・整頓・美化の意識を持ち、問題なく実行していた",92,"2018-03-12 04:39:09","2018-03-12 04:39:09",2
611,"美化意識が強く、会社全体の整理整頓に貢献した",92,"2018-03-12 04:39:09","2018-03-12 04:39:09",3
612,"美化の意識が強く、周囲にも働きかけ、他の模範となった",92,"2018-03-12 04:39:09","2018-03-12 04:39:09",4
613,"意識が希薄で、乱雑な状態であった",93,"2018-03-12 04:41:05","2018-03-12 04:41:05",0
614,"整理・整頓・美化を心がけていたが、不十分だった",93,"2018-03-12 04:41:05","2018-03-12 04:41:05",1
615,"整理・整頓・美化の意識を持ち、問題なく実行していた",93,"2018-03-12 04:41:05","2018-03-12 04:41:05",2
616,"美化意識が強く、会社全体の整理整頓に貢献した",93,"2018-03-12 04:41:05","2018-03-12 04:41:05",3
617,"美化の意識が強く、周囲にも働きかけ、他の模範となった",93,"2018-03-12 04:41:05","2018-03-12 04:41:05",4
618,"ほとんど独力では処理ができなかった",94,"2018-03-12 04:46:42","2018-03-12 04:46:42",0
619,"一応処理にあたるが、遅れたり、不適切なことが多かった",94,"2018-03-12 04:46:42","2018-03-12 04:46:42",1
620,"自分で対処できることの判断ができ、ほぼ問題は発生しなかった",94,"2018-03-12 04:46:42","2018-03-12 04:46:42",2
621,"内容を理解し、的確に処理し、報告も遅れず行った",94,"2018-03-12 04:46:42","2018-03-12 04:46:42",3
622,"内容を理解し、常に迅速かつ的確な処理を行い、報告も十分であった",94,"2018-03-12 04:46:42","2018-03-12 04:46:42",4
623,"自己の知識や技能を高める意思が希薄で、実践は伴わなかった",95,"2018-03-12 04:50:58","2018-03-12 04:50:58",0
624,"自己の知識や技能を高めようとはしていたが、実践は物足りなかった",95,"2018-03-12 04:50:58","2018-03-12 04:50:58",1
625,"自己の知識や技能を高める意思は普通程度にあり、部分的に実践していた",95,"2018-03-12 04:50:58","2018-03-12 04:50:58",2
626,"自己の知識や技能を高める意思が強く、実践の努力もしていた",95,"2018-03-12 04:50:58","2018-03-12 04:50:58",3
627,"自己の知識や技能を高める意思が強く、日々実践に移しており、成長が感じられた",95,"2018-03-12 04:50:58","2018-03-12 04:50:58",4
628,"自己の知識や技能を高める意思が希薄で、実践は伴わなかった",96,"2018-03-12 04:52:45","2018-03-12 04:52:45",0
629,"自己の知識や技能を高めようとはしていたが、実践は物足りなかった",96,"2018-03-12 04:52:45","2018-03-12 04:52:45",1
630,"自己の知識や技能を高める意思は普通程度にあり、部分的に実践していた",96,"2018-03-12 04:52:45","2018-03-12 04:52:45",2
631,"自己の知識や技能を高める意思が強く、実践の努力もしていた",96,"2018-03-12 04:52:45","2018-03-12 04:52:45",3
632,"自己の知識や技能を高める意思が強く、日々実践に移しており、成長が感じられた",96,"2018-03-12 04:52:45","2018-03-12 04:52:45",4
633,"ほとんど指導していなかった",97,"2018-03-12 04:57:18","2018-03-12 04:57:18",0
634,"一応の指導はしているが、やや物足りなかった",97,"2018-03-12 04:57:18","2018-03-12 04:57:18",1
635,"自ら指導し、問題はなかった",97,"2018-03-12 04:57:18","2018-03-12 04:57:18",2
636,"積極的に指導していた",97,"2018-03-12 04:57:18","2018-03-12 04:57:18",3
637,"指導により、明らかに後輩の成長に貢献した",97,"2018-03-12 04:57:18","2018-03-12 04:57:18",4
638,"守秘義務に対する意識が希薄で、問題があった",98,"2018-03-12 05:00:33","2018-03-12 05:00:33",0
639,"守秘義務に対する意識はあったが、一部問題も見られた",98,"2018-03-12 05:00:33","2018-03-12 05:00:33",1
640,"守秘義務については、ほぼ問題がなかった",98,"2018-03-12 05:00:33","2018-03-12 05:00:33",2
641,"守秘義務に対する意識が強く、徹底していた",98,"2018-03-12 05:00:33","2018-03-12 05:00:33",3
642,"守秘義務を徹底し、他の職員にも注意をしていた",98,"2018-03-12 05:00:33","2018-03-12 05:00:33",4
643,"守秘義務に対する意識が希薄で、問題があった",99,"2018-03-12 05:02:47","2018-03-12 05:02:47",0
644,"守秘義務に対する意識はあったが、一部問題も見られた",99,"2018-03-12 05:02:47","2018-03-12 05:02:47",1
645,"守秘義務については、ほぼ問題がなかった",99,"2018-03-12 05:02:47","2018-03-12 05:02:47",2
646,"守秘義務に対する意識が強く、徹底していた",99,"2018-03-12 05:02:47","2018-03-12 05:02:47",3
647,"守秘義務を徹底し、他の職員にも注意をしていた",99,"2018-03-12 05:02:47","2018-03-12 05:02:47",4
648,"意識が希薄で、指導されていた",100,"2018-03-12 05:13:14","2018-03-12 05:13:14",0
649,"意識はあったが不十分であり、徹底も弱かった",100,"2018-03-12 05:13:14","2018-03-12 05:13:14",1
650,"意識面に問題はなく、普通には実践していた",100,"2018-03-12 05:13:14","2018-03-12 05:13:14",2
651,"徹底して遵守していた",100,"2018-03-12 05:13:14","2018-03-12 05:13:14",3
652,"他の模範となるレベルで、周囲へも徹底し、部署全体の意識を高めた",100,"2018-03-12 05:13:14","2018-03-12 05:13:14",4
653,"チームワークやコミュニケーションに対する意識が希薄であった",101,"2018-03-12 05:31:20","2018-03-12 05:31:20",0
654,"チームワークやコミュニケーションを意識していたが、物足りないレベルであった",101,"2018-03-12 05:31:20","2018-03-12 05:31:20",1
655,"チームワークやコミュニケーションは標準的であった",101,"2018-03-12 05:31:20","2018-03-12 05:31:20",2
656,"チームワークを重視した行動をとり、コミュニケーションも十分であった",101,"2018-03-12 05:31:20","2018-03-12 05:31:20",3
657,"チームワーク・コミュニケーションは模範的であった",101,"2018-03-12 05:31:20","2018-03-12 05:31:20",4
658,"チームワークやコミュニケーションに対する意識が希薄であった",102,"2018-03-12 05:33:35","2018-03-12 05:33:35",0
659,"チームワークやコミュニケーションを意識していたが、物足りないレベルであった",102,"2018-03-12 05:33:35","2018-03-12 05:33:35",1
660,"チームワークやコミュニケーションは標準的であった",102,"2018-03-12 05:33:35","2018-03-12 05:33:35",2
661,"チームワークを重視した行動をとり、コミュニケーションも十分であった",102,"2018-03-12 05:33:35","2018-03-12 05:33:35",3
662,"チームワーク・コミュニケーションは模範的であった",102,"2018-03-12 05:33:35","2018-03-12 05:33:35",4
663,"報告・連絡・相談を行わず、支障をきたした",103,"2018-03-12 05:36:49","2018-03-12 05:36:49",0
664,"報告・連絡・相談が不十分であった",103,"2018-03-12 05:36:49","2018-03-12 05:36:49",1
665,"報告・連絡・相談は問題なく行っていた",103,"2018-03-12 05:36:49","2018-03-12 05:36:49",2
666,"報告・連絡・相談に抜け・もれはなく、安心できた",103,"2018-03-12 05:36:49","2018-03-12 05:36:49",3
667,"報告・連絡・相談を率先して行い、周囲の手本となった",103,"2018-03-12 05:36:49","2018-03-12 05:36:49",4
668,"意識が希薄で、実践が伴わず、周囲から注意を受けていた",104,"2018-03-12 05:39:44","2018-03-12 05:39:44",0
669,"意識はしていたが、実践面では物足りなかった",104,"2018-03-12 05:39:44","2018-03-12 05:39:44",1
670,"意識面に大きな問題はなく、普通には実践していた",104,"2018-03-12 05:39:44","2018-03-12 05:39:44",2
671,"強い意識を持ち、実践していた",104,"2018-03-12 05:39:44","2018-03-12 05:39:44",3
672,"強い意識を持ち実践し、周囲にも良い影響を与えていた",104,"2018-03-12 05:39:44","2018-03-12 05:39:44",4
673,"意識が希薄で、実践が伴わず、周囲から注意を受けていた",105,"2018-03-12 05:41:40","2018-03-12 05:41:40",0
674,"意識はしていたが、実践面では物足りなかった",105,"2018-03-12 05:41:40","2018-03-12 05:41:40",1
675,"意識面に大きな問題はなく、普通には実践していた",105,"2018-03-12 05:41:40","2018-03-12 05:41:40",2
676,"強い意識を持ち、実践していた",105,"2018-03-12 05:41:40","2018-03-12 05:41:40",3
677,"強い意識を持ち実践し、周囲にも良い影響を与えていた",105,"2018-03-12 05:41:40","2018-03-12 05:41:40",4
678,"安全管理の意識が希薄で、周囲から指導を受けていた",106,"2018-03-12 05:45:08","2018-03-12 05:45:08",0
679,"安全管理に対して意識はしていたが、物足りなかった",106,"2018-03-12 05:45:08","2018-03-12 05:45:08",1
680,"安全管理に対する意識は普通であった",106,"2018-03-12 05:45:08","2018-03-12 05:45:08",2
681,"安全管理に対する意識が高かった",106,"2018-03-12 05:45:08","2018-03-12 05:45:08",3
682,"安全管理に対する意識が高く、他の模範となるレベルであった",106,"2018-03-12 05:45:08","2018-03-12 05:45:08",4
683,"理念・方針への理解が不足していた",107,"2018-03-15 01:29:48","2018-03-15 01:29:48",0
684,"理念・方針は理解していたが、行動が伴わなかった",107,"2018-03-15 01:29:48","2018-03-15 01:29:48",1
685,"理念・方針への理解・実行は普通であり、周囲へ働きかけることもあった",107,"2018-03-15 01:29:48","2018-03-15 01:29:48",2
686,"理念・方針をよく理解し、行動も模範的で、常に周囲へも働きかけていた",107,"2018-03-15 01:29:48","2018-03-15 01:29:48",3
687,"理念・方針への理解・行動は模範的で、周囲へも徹底し、良い影響を与えていた",107,"2018-03-15 01:29:48","2018-03-15 01:29:48",4
688,"ミスが多く、顧客や周囲に迷惑をかけた",108,"2018-03-15 01:36:08","2018-03-15 01:36:08",0
689,"努力はしているがミスがしばしばあった",108,"2018-03-15 01:36:08","2018-03-15 01:36:08",1
690,"問題ない正確さで処理できていた",108,"2018-03-15 01:36:08","2018-03-15 01:36:08",2
691,"常に正確に処理できていた",108,"2018-03-15 01:36:08","2018-03-15 01:36:08",3
692,"正確な処理を行い、他者のチェックも行っていた",108,"2018-03-15 01:36:08","2018-03-15 01:36:08",4
693,"ミスが多く、顧客や周囲に迷惑をかけた",109,"2018-03-15 01:38:18","2018-03-15 01:38:18",0
694,"努力はしているがミスがしばしばあった",109,"2018-03-15 01:38:18","2018-03-15 01:38:18",1
695,"問題ない正確さで処理できていた",109,"2018-03-15 01:38:18","2018-03-15 01:38:18",2
696,"常に正確に処理できていた",109,"2018-03-15 01:38:18","2018-03-15 01:38:18",3
697,"正確な処理を行い、他者のチェックも行っていた",109,"2018-03-15 01:38:18","2018-03-15 01:38:18",4
698,"かなり不足しているばかりでなく、意欲も見られなかった",110,"2018-03-15 01:41:14","2018-03-15 01:41:14",0
699,"最低限の知識・技能は持っているが、日常業務にやや不足していた",110,"2018-03-15 01:41:14","2018-03-15 01:41:14",1
700,"必要な知識・技能はほぼマスターしており、業務には支障はなかった",110,"2018-03-15 01:41:14","2018-03-15 01:41:14",2
701,"必要な知識・技能はかなり持っており、日常業務にも十分活用されていた",110,"2018-03-15 01:41:14","2018-03-15 01:41:14",3
702,"現在の業務に必要な知識・技能ばかりでなく、更に研究し、活用していた",110,"2018-03-15 01:41:14","2018-03-15 01:41:14",4
703,"かなり不足しているばかりでなく、意欲も見られなかった",111,"2018-03-15 01:46:52","2018-03-15 01:46:52",0
704,"最低限の知識・技能は持っているが、日常業務にやや不足していた",111,"2018-03-15 01:46:52","2018-03-15 01:46:52",1
705,"必要な知識・技能はほぼマスターしており、業務には支障はなかった",111,"2018-03-15 01:46:52","2018-03-15 01:46:52",2
706,"必要な知識・技能はかなり持っており、日常業務にも十分活用されていた",111,"2018-03-15 01:46:52","2018-03-15 01:46:52",3
707,"現在の業務に必要な知識・技能ばかりでなく、更に研究し、活用していた",111,"2018-03-15 01:46:52","2018-03-15 01:46:52",4
708,"言われた業務をするだけで、合理化の意識が全くなかった",112,"2018-03-15 01:59:13","2018-03-15 01:59:13",0
709,"意識はあるが、実際の行動には至らなかった",112,"2018-03-15 01:59:13","2018-03-15 01:59:13",1
710,"できるだけ無駄をなくし合理化を図ろうと努めていた",112,"2018-03-15 01:59:13","2018-03-15 01:59:13",2
711,"常に意識を持ち、積極的に改善を図り、それなりの成果も出ていた",112,"2018-03-15 01:59:13","2018-03-15 01:59:13",3
712,"常に意識を持ち、他の人に向けても積極的に働きかけ、成果をあげていた",112,"2018-03-15 01:59:13","2018-03-15 01:59:13",4
713,"決められた時間内でこなせないことが多かった",113,"2018-03-15 02:04:23","2018-03-15 02:04:23",0
714,"決められた時間内でこなそうとしていたが、遅れることがあった",113,"2018-03-15 02:04:23","2018-03-15 02:04:23",1
715,"決められた時間内でこなしており、遅れることはなかった",113,"2018-03-15 02:04:23","2018-03-15 02:04:23",2
716,"決められた時間より迅速にこなしており、遅れることはなかった",113,"2018-03-15 02:04:23","2018-03-15 02:04:23",3
717,"決められた時間より迅速に余裕を持ってこなし、他の手伝いもできた",113,"2018-03-15 02:04:23","2018-03-15 02:04:23",4
718,"決められた時間内でこなせないことが多かった",114,"2018-03-15 02:07:47","2018-03-15 02:07:47",0
719,"決められた時間内でこなそうとしていたが、遅れることがあった",114,"2018-03-15 02:07:47","2018-03-15 02:07:47",1
720,"決められた時間内でこなしており、遅れることはなかった",114,"2018-03-15 02:07:47","2018-03-15 02:07:47",2
721,"決められた時間より迅速にこなしており、遅れることはなかった",114,"2018-03-15 02:07:47","2018-03-15 02:07:47",3
722,"決められた時間より迅速に余裕を持ってこなし、他の手伝いもできた",114,"2018-03-15 02:07:47","2018-03-15 02:07:47",4
723,"意識がほとんどなく、経費削減の努力は全くされていなかった",115,"2018-03-15 02:12:38","2018-03-15 02:12:38",0
724,"意識が低く、経費削減の努力は少ししかされていなかった",115,"2018-03-15 02:12:38","2018-03-15 02:12:38",1
725,"意識は一応あり、経費削減の努力もされていた",115,"2018-03-15 02:12:38","2018-03-15 02:12:38",2
726,"意識は高く、経費削減の努力も積極的に行っていた",115,"2018-03-15 02:12:38","2018-03-15 02:12:38",3
727,"意識は常にもっており、積極的な行動で成果をあげていた",115,"2018-03-15 02:12:38","2018-03-15 02:12:38",4
728,"情報収集の意識がなかった",116,"2018-03-15 02:14:53","2018-03-15 02:14:53",0
729,"少しは情報収集をしていた",116,"2018-03-15 02:14:53","2018-03-15 02:14:53",1
730,"必要な情報はほぼ収集・整理していた",116,"2018-03-15 02:14:53","2018-03-15 02:14:53",2
731,"情報収集を積極的に行っていた",116,"2018-03-15 02:14:53","2018-03-15 02:14:53",3
732,"有効な情報を収集し、社内に積極的に発信していた",116,"2018-03-15 02:14:53","2018-03-15 02:14:53",4
733,"情報収集の意識がなかった",117,"2018-03-15 02:20:39","2018-03-15 02:20:39",0
734,"少しは情報収集をしていた",117,"2018-03-15 02:20:39","2018-03-15 02:20:39",1
735,"必要な情報はほぼ収集・整理していた",117,"2018-03-15 02:20:39","2018-03-15 02:20:39",2
736,"情報収集を積極的に行っていた",117,"2018-03-15 02:20:39","2018-03-15 02:20:39",3
737,"有効な情報を収集し、社内に積極的に発信していた",117,"2018-03-15 02:20:39","2018-03-15 02:20:39",4
738,"情報収集の意識がなかった",118,"2018-03-15 02:21:57","2018-03-15 02:21:57",0
739,"少しは情報収集をしていた",118,"2018-03-15 02:21:57","2018-03-15 02:21:57",1
740,"必要な情報はほぼ収集・整理していた",118,"2018-03-15 02:21:57","2018-03-15 02:21:57",2
741,"情報収集を積極的に行っていた",118,"2018-03-15 02:21:57","2018-03-15 02:21:57",3
742,"有効な情報を収集し、社内に積極的に発信していた",118,"2018-03-15 02:21:57","2018-03-15 02:21:57",4
743,"整理・整頓を行わず、設備維持に支障をきたした",119,"2018-03-15 02:25:59","2018-03-15 02:25:59",0
744,"整理・整頓は物足りず、設備維持に問題も見られた",119,"2018-03-15 02:25:59","2018-03-15 02:25:59",1
745,"普通には整理・整頓を行い、設備維持も問題なく行っていた",119,"2018-03-15 02:25:59","2018-03-15 02:25:59",2
746,"整理・整頓を積極的に行い設備維持にも気を配っていた",119,"2018-03-15 02:25:59","2018-03-15 02:25:59",3
747,"整理・整頓・設備維持に対して積極的で、自分のみならず周囲へも推進していた",119,"2018-03-15 02:25:59","2018-03-15 02:25:59",4
748,"整理・整頓を行わず、設備維持に支障をきたした",120,"2018-03-15 02:52:54","2018-03-15 02:52:54",0
749,"整理・整頓は物足りず、設備維持に問題も見られた",120,"2018-03-15 02:52:54","2018-03-15 02:52:54",1
750,"普通には整理・整頓を行い、設備維持も問題なく行っていた",120,"2018-03-15 02:52:54","2018-03-15 02:52:54",2
751,"整理・整頓を積極的に行い設備維持にも気を配っていた",120,"2018-03-15 02:52:54","2018-03-15 02:52:54",3
752,"整理・整頓・設備維持に対して積極的で、自分のみならず周囲へも推進していた",120,"2018-03-15 02:52:54","2018-03-15 02:52:54",4
753,"判断を誤ったり、不適切な対応が目立った",121,"2018-03-15 02:58:13","2018-03-15 02:58:13",0
754,"一応処理にあたるが、遅れたり、不適切なことが多かった",121,"2018-03-15 02:58:13","2018-03-15 02:58:13",1
755,"自分で対処できることの判断ができ、ほぼ問題は発生しなかった",121,"2018-03-15 02:58:13","2018-03-15 02:58:13",2
756,"内容を理解し、的確に処理し、報告も遅れず行った",121,"2018-03-15 02:58:13","2018-03-15 02:58:13",3
757,"内容を理解し、常に迅速かつ的確な処理を行い、報告も十分であった",121,"2018-03-15 02:58:13","2018-03-15 02:58:13",4
758,"判断を誤ったり、不適切な対応が目立った",122,"2018-03-15 03:53:30","2018-03-15 03:53:30",0
759,"一応処理にあたるが、遅れたり、不適切なことが多かった",122,"2018-03-15 03:53:30","2018-03-15 03:53:30",1
760,"自分で対処できることの判断ができ、ほぼ問題は発生しなかった",122,"2018-03-15 03:53:30","2018-03-15 03:53:30",2
761,"内容を理解し、的確に処理し、報告も遅れず行った",122,"2018-03-15 03:53:30","2018-03-15 03:53:30",3
762,"内容を理解し、常に迅速かつ的確な処理を行い、報告も十分であった",122,"2018-03-15 03:53:30","2018-03-15 03:53:30",4
763,"何の努力も見られなかった",123,"2018-03-15 03:57:17","2018-03-15 03:57:17",0
764,"多少は努力をしていたようだが、成果は見られない",123,"2018-03-15 03:57:17","2018-03-15 03:57:17",1
765,"普通程度に、自己啓発に励んでいた",123,"2018-03-15 03:57:17","2018-03-15 03:57:17",2
766,"自己啓発の意識は高く、成果も見られた",123,"2018-03-15 03:57:17","2018-03-15 03:57:17",3
767,"自己啓発でレベルアップを果たし、周囲へもよい影響を与えた",123,"2018-03-15 03:57:17","2018-03-15 03:57:17",4
768,"何の努力も見られなかった",124,"2018-03-15 03:59:16","2018-03-15 03:59:16",0
769,"多少は努力をしていたようだが、成果は見られない",124,"2018-03-15 03:59:16","2018-03-15 03:59:16",1
770,"普通程度に、自己啓発に励んでいた",124,"2018-03-15 03:59:16","2018-03-15 03:59:16",2
771,"自己啓発の意識は高く、成果も見られた",124,"2018-03-15 03:59:16","2018-03-15 03:59:16",3
772,"自己啓発でレベルアップを果たし、周囲へもよい影響を与えた",124,"2018-03-15 03:59:16","2018-03-15 03:59:16",4
773,"ほとんど指導していなかった",125,"2018-03-15 04:12:31","2018-03-15 04:12:31",0
774,"一応の指導はしているが、やや物足りなかった",125,"2018-03-15 04:12:31","2018-03-15 04:12:31",1
775,"自ら指導し、問題はなかった",125,"2018-03-15 04:12:31","2018-03-15 04:12:31",2
776,"積極的に指導していた",125,"2018-03-15 04:12:31","2018-03-15 04:12:31",3
777,"指導により、明らかに後輩の成長に貢献した",125,"2018-03-15 04:12:31","2018-03-15 04:12:31",4
778,"ほとんど指導していなかった",126,"2018-03-15 04:17:35","2018-03-15 04:17:35",0
779,"一応の指導はしているが、やや物足りなかった",126,"2018-03-15 04:17:35","2018-03-15 04:17:35",1
780,"自ら指導し、問題はなかった",126,"2018-03-15 04:17:35","2018-03-15 04:17:35",2
781,"積極的に指導していた",126,"2018-03-15 04:17:35","2018-03-15 04:17:35",3
782,"指導により、明らかに後輩の成長に貢献した",126,"2018-03-15 04:17:35","2018-03-15 04:17:35",4
783,"ほとんど指導していなかった",127,"2018-03-15 04:18:44","2018-03-15 04:18:44",0
784,"一応の指導はしているが、やや物足りなかった",127,"2018-03-15 04:18:44","2018-03-15 04:18:44",1
785,"自ら指導し、問題はなかった",127,"2018-03-15 04:18:44","2018-03-15 04:18:44",2
786,"積極的に指導していた",127,"2018-03-15 04:18:44","2018-03-15 04:18:44",3
787,"指導により、明らかに後輩の成長に貢献した",127,"2018-03-15 04:18:44","2018-03-15 04:18:44",4
788,"意識が希薄で、指導されていた",128,"2018-03-15 04:20:32","2018-03-15 04:20:32",0
789,"意識はあったが不十分であり、徹底も弱かった",128,"2018-03-15 04:20:32","2018-03-15 04:20:32",1
790,"意識面に問題はなく、普通には実践していた",128,"2018-03-15 04:20:32","2018-03-15 04:20:32",2
791,"徹底して遵守していた",128,"2018-03-15 04:20:32","2018-03-15 04:20:32",3
792,"他の模範となるレベルで、周囲へも徹底し、部署全体の意識を高めた",128,"2018-03-15 04:20:32","2018-03-15 04:20:32",4
793,"意識が希薄で、指導されていた",129,"2018-03-15 04:21:54","2018-03-15 04:21:54",0
794,"意識はあったが不十分であり、徹底も弱かった",129,"2018-03-15 04:21:54","2018-03-15 04:21:54",1
795,"意識面に問題はなく、普通には実践していた",129,"2018-03-15 04:21:54","2018-03-15 04:21:54",2
796,"徹底して遵守していた",129,"2018-03-15 04:21:54","2018-03-15 04:21:54",3
797,"他の模範となるレベルで、周囲へも徹底し、部署全体の意識を高めた",129,"2018-03-15 04:21:54","2018-03-15 04:21:54",4
798,"報告・連絡・相談を行わず、支障をきたした",130,"2018-03-15 04:24:44","2018-03-15 04:24:44",0
799,"報告・連絡・相談が不十分であった",130,"2018-03-15 04:24:44","2018-03-15 04:24:44",1
800,"報告・連絡・相談は問題なく行っていた",130,"2018-03-15 04:24:44","2018-03-15 04:24:44",2
801,"報告・連絡・相談に抜け・もれはなく、安心できた",130,"2018-03-15 04:24:44","2018-03-15 04:24:44",3
802,"報告・連絡・相談を率先して行い、周囲の手本となった",130,"2018-03-15 04:24:44","2018-03-15 04:24:44",4
803,"顧客に対する意識が低く、訪問やコミュニケーションが不足し、プレゼンテーションも不適切であり、指導を受けていた",131,"2018-03-15 07:06:30","2018-03-15 07:06:30",0
804,"訪問やコミュニケーションは物足りず、プレゼンテーションも不適切な場面が見られることもあった",131,"2018-03-15 07:06:30","2018-03-15 07:06:30",1
805,"普通には訪問し、コミュニケーションやプレゼンテーションは標準的であった",131,"2018-03-15 07:06:30","2018-03-15 07:06:30",2
806,"訪問やコミュニケーションを意識的に行い、適切なプレゼンテーションを行っていた",131,"2018-03-15 07:06:30","2018-03-15 07:06:30",3
807,"積極的な訪問、円滑なコミュニケーション、適切なプレゼンテーションによって、顧客の信頼を勝ち得ていた",131,"2018-03-15 07:06:30","2018-03-15 07:06:30",4
808,"顧客対応の意識が希薄で、訪問も少なく、アプローチできなかった",132,"2018-03-16 01:22:29","2018-03-16 01:22:29",0
809,"顧客対応を意識していたが、訪問やアプローチは物足りなかった",132,"2018-03-16 01:22:29","2018-03-16 01:22:29",1
810,"顧客対応の意識は普通で、顧客訪問やアプローチに問題はなかった",132,"2018-03-16 01:22:29","2018-03-16 01:22:29",2
811,"顧客対応に積極的で、訪問頻度も高く、アプローチも適切であった",132,"2018-03-16 01:22:29","2018-03-16 01:22:29",3
812,"顧客対応意識が高く、積極的に訪問し、効果的なアプローチを行い成果をあげていた",132,"2018-03-16 01:22:29","2018-03-16 01:22:29",4
813,"意識が希薄で、実践が伴わず、周囲から注意を受けていた",133,"2018-03-16 01:29:40","2018-03-16 01:29:40",0
814,"意識はしていたが、実践面や周囲への指導はは物足りなかった",133,"2018-03-16 01:29:40","2018-03-16 01:29:40",1
815,"意識面に問題はなく、普通には実践し、指導していた",133,"2018-03-16 01:29:40","2018-03-16 01:29:40",2
816,"強い意識を持ち実践し、周囲への指導も行っていた",133,"2018-03-16 01:29:40","2018-03-16 01:29:40",3
817,"強い意識を持ち、常に実践し、周囲への指導で成果が見られた",133,"2018-03-16 01:29:40","2018-03-16 01:29:40",4
818,"品質管理に対する意識が希薄で、問題があった",134,"2018-03-16 01:31:33","2018-03-16 01:31:33",0
819,"品質管理に対する意識はあったが、実行度は物足りなかった",134,"2018-03-16 01:31:33","2018-03-16 01:31:33",1
820,"品質管理は普通には行っていた",134,"2018-03-16 01:31:33","2018-03-16 01:31:33",2
821,"品質管理に対する意識が高く、常に実践していた",134,"2018-03-16 01:31:33","2018-03-16 01:31:33",3
822,"常に高い意識で品質管理を行い、品質向上につながった",134,"2018-03-16 01:31:33","2018-03-16 01:31:33",4
823,"品質管理に対する意識が希薄で、問題があった",135,"2018-03-16 01:33:13","2018-03-16 01:33:13",0
824,"品質管理に対する意識はあったが、実行度は物足りなかった",135,"2018-03-16 01:33:13","2018-03-16 01:33:13",1
825,"品質管理は普通には行っていた",135,"2018-03-16 01:33:13","2018-03-16 01:33:13",2
826,"品質管理に対する意識が高く、常に実践していた",135,"2018-03-16 01:33:13","2018-03-16 01:33:13",3
827,"常に高い意識で品質管理を行い、品質向上につながった",135,"2018-03-16 01:33:13","2018-03-16 01:33:13",4
828,"安全管理の意識が希薄で、周囲から指導を受けていた",136,"2018-03-16 01:34:49","2018-03-16 01:34:49",0
829,"安全管理に対して意識はしていたが、物足りなかった",136,"2018-03-16 01:34:49","2018-03-16 01:34:49",1
830,"安全管理に対する意識は普通であった",136,"2018-03-16 01:34:49","2018-03-16 01:34:49",2
831,"安全管理に対する意識が高く、職場の環境改善にもつながった",136,"2018-03-16 01:34:49","2018-03-16 01:34:49",3
832,"安全管理に対する意識が高く、周囲へも指導し、職場の環境改善で成果が見られた",136,"2018-03-16 01:34:49","2018-03-16 01:34:49",4
833,"心がけに欠けており、指示・命令にも反映されていなかった",137,"2018-03-16 01:41:02","2018-03-16 01:41:02",0
834,"意識はあるが、経営方針の実現には程遠かった",137,"2018-03-16 01:41:02","2018-03-16 01:41:02",1
835,"できるだけ経営方針の実践を心がけ、それなりに成果も現れた",137,"2018-03-16 01:41:02","2018-03-16 01:41:02",2
836,"実践に対する意識があり、方針実現の一役を担った",137,"2018-03-16 01:41:02","2018-03-16 01:41:02",3
837,"常に意識を持ち、部下へも徹底することで、全社で方針実現に寄与した",137,"2018-03-16 01:41:02","2018-03-16 01:41:02",4
838,"統率力が弱く、部署内がバラバラであった",138,"2018-03-16 01:43:24","2018-03-16 01:43:24",0
839,"統率していたが、部署内の相互連帯感に問題が見られた",138,"2018-03-16 01:43:24","2018-03-16 01:43:24",1
840,"適切に統率し、部署内のまとまりにも問題はなかった",138,"2018-03-16 01:43:24","2018-03-16 01:43:24",2
841,"統率力があり、部署がよくまとまっていた",138,"2018-03-16 01:43:24","2018-03-16 01:43:24",3
842,"統率力があり、部署全体が一致団結して成果を上げた",138,"2018-03-16 01:43:24","2018-03-16 01:43:24",4
843,"統率力が弱く、部署内がバラバラであった",139,"2018-03-16 01:51:47","2018-03-16 01:51:47",0
844,"統率していたが、部署内の相互連帯感に問題が見られた",139,"2018-03-16 01:51:47","2018-03-16 01:51:47",1
845,"適切に統率し、部署内のまとまりにも問題はなかった",139,"2018-03-16 01:51:47","2018-03-16 01:51:47",2
846,"統率力があり、部署がよくまとまっていた",139,"2018-03-16 01:51:47","2018-03-16 01:51:47",3
847,"統率力があり、部署全体が一致団結して成果を上げた",139,"2018-03-16 01:51:47","2018-03-16 01:51:47",4
848,"統率力が弱く、部署内がバラバラであった",140,"2018-03-16 01:43:24","2018-03-16 01:43:24",0
849,"統率していたが、部署内の相互連帯感に問題が見られた",140,"2018-03-16 01:51:47","2018-03-16 01:51:47",1
850,"適切に統率し、部署内のまとまりにも問題はなかった",140,"2018-03-16 01:51:47","2018-03-16 01:51:47",2
851,"統率力があり、部署がよくまとまっていた",140,"2018-03-16 01:51:47","2018-03-16 01:51:47",3
852,"統率力があり、部署全体が一致団結して成果を上げた",140,"2018-03-16 01:51:47","2018-03-16 01:51:47",4
853,"最低限は保有していたが、日常の業務にはやや不足していた",141,"2018-03-16 02:07:02","2018-03-16 02:07:02",0
854,"必要な知識はマスターしており、日常の業務には支障なかった",141,"2018-03-16 02:07:02","2018-03-16 02:07:02",1
855,"必要な知識・技能は充分に持っており、日常業務にも充分活用していた",141,"2018-03-16 02:07:02","2018-03-16 02:07:02",2
856,"現在の業務に必要な知識ばかりでなく、更に研究して活用していた",141,"2018-03-16 02:07:02","2018-03-16 02:07:02",3
857,"必要な知識は充分に持っており、部下にもわかりやすく指導していた",141,"2018-03-16 02:07:02","2018-03-16 02:07:02",4
858,"最低限は保有していたが、日常の業務にはやや不足していた",142,"2018-03-16 02:07:02","2018-03-16 02:07:02",0
859,"必要な知識はマスターしており、日常の業務には支障なかった",142,"2018-03-16 02:07:02","2018-03-16 02:07:02",1
860,"必要な知識・技能は充分に持っており、日常業務にも充分活用していた",142,"2018-03-16 02:07:02","2018-03-16 02:07:02",2
861,"現在の業務に必要な知識ばかりでなく、更に研究して活用していた",142,"2018-03-16 02:07:02","2018-03-16 02:07:02",3
862,"必要な知識は充分に持っており、部下にもわかりやすく指導していた",142,"2018-03-16 02:07:02","2018-03-16 02:07:02",4
863,"自発的な企画・立案はなかった",143,"2018-03-16 02:12:03","2018-03-16 02:12:03",0
864,"企画の提案は少なく、物足りなかった",143,"2018-03-16 02:12:03","2018-03-16 02:12:03",1
865,"企画・立案は普通程度に行い、実行にも問題はなかった",143,"2018-03-16 02:12:03","2018-03-16 02:12:03",2
866,"進んで企画を立案し、遂行力も優れていた",143,"2018-03-16 02:12:03","2018-03-16 02:12:03",3
867,"進んで企画を立案し、推進力もあり、成果が見られた",143,"2018-03-16 02:12:03","2018-03-16 02:12:03",4
868,"自発的な企画・立案はなかった",144,"2018-03-16 02:12:03","2018-03-16 02:12:03",0
869,"企画の提案は少なく、物足りなかった",144,"2018-03-16 02:12:03","2018-03-16 02:12:03",1
870,"企画・立案は普通程度に行い、実行にも問題はなかった",144,"2018-03-16 02:12:03","2018-03-16 02:12:03",2
871,"進んで企画を立案し、遂行力も優れていた",144,"2018-03-16 02:12:03","2018-03-16 02:12:03",3
872,"進んで企画を立案し、推進力もあり、成果が見られた",144,"2018-03-16 02:12:03","2018-03-16 02:12:03",4
873,"言われた業務をこなすだけで、合理化の意識が欠けていた",145,"2018-03-16 02:17:08","2018-03-16 02:17:08",0
874,"意識はあるが、行動が伴わなかった",145,"2018-03-16 02:17:08","2018-03-16 02:17:08",1
875,"できるだけ無駄をなくし、合理化を図ろうと務めていた",145,"2018-03-16 02:17:08","2018-03-16 02:17:08",2
876,"常に意識を持ち、積極的に改善を図り、一部、効果も表れていた",145,"2018-03-16 02:17:08","2018-03-16 02:17:08",3
877,"常に意識を持ち、周囲の人にも積極的に働きかけ、成果が見られた",145,"2018-03-16 02:17:08","2018-03-16 02:17:08",4
878,"問題点を見出せていないことが多かった",146,"2018-03-16 02:21:20","2018-03-16 02:21:20",0
879,"問題点は認識しているものの、解決への行動が起こせなかった",146,"2018-03-16 02:21:20","2018-03-16 02:21:20",1
880,"問題点は一通りつかんでおり、問題を解決しようと努力していた",146,"2018-03-16 02:21:20","2018-03-16 02:21:20",2
881,"多くの問題があっても解決しようと努力しており、たいてい解決できていた",146,"2018-03-16 02:21:20","2018-03-16 02:21:20",3
882,"いかなる問題があっても努力し、迅速かつ的確な判断のもと、解決できていた",146,"2018-03-16 02:21:20","2018-03-16 02:21:20",4
883,"問題点を見出せていないことが多かった",147,"2018-03-16 02:21:20","2018-03-16 02:21:20",0
884,"問題点は認識しているものの、解決への行動が起こせなかった",147,"2018-03-16 02:21:20","2018-03-16 02:21:20",1
885,"問題点は一通りつかんでおり、問題を解決しようと努力していた",147,"2018-03-16 02:21:20","2018-03-16 02:21:20",2
886,"多くの問題があっても解決しようと努力しており、たいてい解決できていた",147,"2018-03-16 02:21:20","2018-03-16 02:21:20",3
887,"いかなる問題があっても努力し、迅速かつ的確な判断のもと、解決できていた",147,"2018-03-16 02:21:20","2018-03-16 02:21:20",4
888,"連絡ミスが目立った",148,"2018-03-16 02:27:13","2018-03-16 02:27:13",0
889,"最低限の連絡はしていた",148,"2018-03-16 02:27:13","2018-03-16 02:27:13",1
890,"連絡を密に行い、問題なく対応できる",148,"2018-03-16 02:27:13","2018-03-16 02:27:13",2
891,"先手先手の連絡で、情報伝達が行き届いていた",148,"2018-03-16 02:27:13","2018-03-16 02:27:13",3
892,"他部署への助言、指導も積極的に行った",148,"2018-03-16 02:27:13","2018-03-16 02:27:13",4
893,"情報収集の意識がなかった",149,"2018-03-16 02:29:02","2018-03-16 02:29:02",0
894,"少しは情報収集をしていた",149,"2018-03-16 02:29:02","2018-03-16 02:29:02",1
895,"必要な情報はほぼ収集・整理していた",149,"2018-03-16 02:29:02","2018-03-16 02:29:02",2
896,"情報収集を積極的に行っていた",149,"2018-03-16 02:29:02","2018-03-16 02:29:02",3
897,"有効な情報を収集し、社内に積極的に発信していた",149,"2018-03-16 02:29:02","2018-03-16 02:29:02",4
898,"情報収集の意識がなかった",150,"2018-03-16 02:32:01","2018-03-16 02:32:01",0
899,"少しは情報収集をしていた",150,"2018-03-16 02:32:01","2018-03-16 02:32:01",1
900,"必要な情報はほぼ収集・整理していた",150,"2018-03-16 02:32:01","2018-03-16 02:32:01",2
901,"情報収集を積極的に行っていた",150,"2018-03-16 02:32:01","2018-03-16 02:32:01",3
902,"有効な情報を収集し、社内に積極的に発信していた",150,"2018-03-16 02:32:01","2018-03-16 02:32:01",4
903,"外部とのつきあいや交渉はしなかった",151,"2018-03-16 02:35:03","2018-03-16 02:35:03",0
904,"外部とのつきあいは最低限行ったが、交渉はできなかった",151,"2018-03-16 02:35:03","2018-03-16 02:35:03",1
905,"外部とのつきあい、交渉は問題なく行っていた",151,"2018-03-16 02:35:03","2018-03-16 02:35:03",2
906,"外部とのつきあいは適切で、交渉が上手だった",151,"2018-03-16 02:35:03","2018-03-16 02:35:03",3
907,"外部とのつきあいは適切で、交渉がうまく、成果が上がった",151,"2018-03-16 02:35:03","2018-03-16 02:35:03",4
908,"外部とのつきあいや交渉はしなかった",152,"2018-03-16 02:35:03","2018-03-16 02:35:03",0
909,"外部とのつきあいは最低限行ったが、交渉はできなかった",152,"2018-03-16 02:35:03","2018-03-16 02:35:03",1
910,"外部とのつきあい、交渉は問題なく行っていた",152,"2018-03-16 02:35:03","2018-03-16 02:35:03",2
911,"外部とのつきあいは適切で、交渉が上手だった",152,"2018-03-16 02:35:03","2018-03-16 02:35:03",3
912,"外部とのつきあいは適切で、交渉がうまく、成果が上がった",152,"2018-03-16 02:35:03","2018-03-16 02:35:03",4
913,"全くできなかった",153,"2018-03-16 02:41:35","2018-03-16 02:41:35",0
914,"やや不十分であった",153,"2018-03-16 02:41:35","2018-03-16 02:41:35",1
915,"特に問題はなく、普通に管理していた",153,"2018-03-16 02:41:35","2018-03-16 02:41:35",2
916,"十分に指導・管理を行っていた",153,"2018-03-16 02:41:35","2018-03-16 02:41:35",3
917,"十分な指導・管理を行い、成果が見られた",153,"2018-03-16 02:41:35","2018-03-16 02:41:35",4
918,"部下指導に対する意識は低く、教育をしなかった",154,"2018-03-16 02:43:05","2018-03-16 02:43:05",0
919,"部下指導の意識はあったが、教育の実践は不十分であった",154,"2018-03-16 02:43:05","2018-03-16 02:43:05",1
920,"部下に対する指導・教育は問題なく行った",154,"2018-03-16 02:43:05","2018-03-16 02:43:05",2
921,"部下に対する指導を常に行い、熱心に教育した",154,"2018-03-16 02:43:05","2018-03-16 02:43:05",3
922,"部下に対する指導・教育は熱心で、次期管理職を輩出した",154,"2018-03-16 02:43:05","2018-03-16 02:43:05",4
923,"部下指導に対する意識は低く、教育をしなかった",155,"2018-03-16 02:43:05","2018-03-16 02:43:05",0
924,"部下指導の意識はあったが、教育の実践は不十分であった",155,"2018-03-16 02:43:05","2018-03-16 02:43:05",1
925,"部下に対する指導・教育は問題なく行った",155,"2018-03-16 02:43:05","2018-03-16 02:43:05",2
926,"部下に対する指導を常に行い、熱心に教育した",155,"2018-03-16 02:43:05","2018-03-16 02:43:05",3
927,"部下に対する指導・教育は熱心で、次期管理職を輩出した",155,"2018-03-16 02:43:05","2018-03-16 02:43:05",4
928,"社外の窓口責任者としての役割を果たしていなかった",156,"2018-03-16 02:46:10","2018-03-16 02:46:10",0
929,"窓口責任者として処理にあたるが、遅れたり、不適切なことが多かった",156,"2018-03-16 02:46:10","2018-03-16 02:46:10",1
930,"窓口責任者として、特に問題はなかった",156,"2018-03-16 02:46:10","2018-03-16 02:46:10",2
931,"窓口責任者としての自覚が高く、常に適切かつ迅速に対応していた",156,"2018-03-16 02:46:10","2018-03-16 02:46:10",3
932,"窓口責任者として、難易度の高いクレーム・トラブルでも適切かつ迅速に対応し、解決していた",156,"2018-03-16 02:46:10","2018-03-16 02:46:10",4
933,"自身の意識が希薄で、部下に指導できるレベルではなかった",157,"2018-03-16 02:47:31","2018-03-16 02:47:31",0
934,"意識はあったが不十分であり、部下への徹底も弱かった",157,"2018-03-16 02:47:31","2018-03-16 02:47:31",1
935,"意識面に問題はなく、普通には実践し、部下へも指導していた",157,"2018-03-16 02:47:31","2018-03-16 02:47:31",2
936,"徹底して遵守し、部下へも指導した",157,"2018-03-16 02:47:31","2018-03-16 02:47:31",3
937,"他の模範となるレベルで、部下へも徹底し、部署全体の意識を高めた",157,"2018-03-16 02:47:31","2018-03-16 02:47:31",4
938,"報告・連絡・相談を行わず、支障をきたした",158,"2018-03-16 02:49:10","2018-03-16 02:49:10",0
939,"報告・連絡・相談が不十分であった",158,"2018-03-16 02:49:10","2018-03-16 02:49:10",1
940,"報告・連絡・相談は問題なく行っていた",158,"2018-03-16 02:49:10","2018-03-16 02:49:10",2
941,"報告・連絡・相談に抜け・もれはなく、安心できた",158,"2018-03-16 02:49:10","2018-03-16 02:49:10",3
942,"報告・連絡・相談を率先して行い、部下の手本となった",158,"2018-03-16 02:49:10","2018-03-16 02:49:10",4
943,"顧客志向が希薄で、信頼関係やシェア、新たな展開などの成果は見られなかった",159,"2018-03-16 02:51:13","2018-03-16 02:51:13",0
944,"顧客志向はあるものの、信頼関係やシェアなどの成果にはつながらなかった",159,"2018-03-16 02:51:13","2018-03-16 02:51:13",1
945,"顧客との信頼関係は普通で、シェアや関係発展などもそれなりには成果があった",159,"2018-03-16 02:51:13","2018-03-16 02:51:13",2
946,"顧客との信頼関係を深め、シェアや関係発展などの成果が見られた",159,"2018-03-16 02:51:13","2018-03-16 02:51:13",3
947,"顧客との信頼関係を深め、著しい成果を上げ貢献した",159,"2018-03-16 02:51:13","2018-03-16 02:51:13",4
948,"意識が弱く、周囲から注意を受けていた",160,"2018-03-16 02:52:51","2018-03-16 02:52:51",0
949,"意識はしていたが、物足りなかった",160,"2018-03-16 02:52:51","2018-03-16 02:52:51",1
950,"意識面に問題はなく、普通には実践していた",160,"2018-03-16 02:52:51","2018-03-16 02:52:51",2
951,"強い意識を持ち、実践していた",160,"2018-03-16 02:52:51","2018-03-16 02:52:51",3
952,"強い意識を持ち実践し、周囲にも良い影響を与えていた",160,"2018-03-16 02:52:51","2018-03-16 02:52:51",4
953,"品質管理に対する意識が希薄で、問題があった",161,"2018-03-16 02:54:48","2018-03-16 02:54:48",0
954,"品質管理に対する意識はあったが、実行度は物足りなかった",161,"2018-03-16 02:54:48","2018-03-16 02:54:48",1
955,"品質管理は普通には行っていた",161,"2018-03-16 02:54:48","2018-03-16 02:54:48",2
956,"品質管理に対する意識が高く、常に実践していた",161,"2018-03-16 02:54:48","2018-03-16 02:54:48",3
957,"常に高い意識で品質管理を行い、品質向上につながった",161,"2018-03-16 02:54:48","2018-03-16 02:54:48",4
958,"心がけに欠けており、指示・命令にも反映されていなかった",162,"2018-03-16 02:56:42","2018-03-16 02:56:42",0
959,"意識はあるが、経営方針の実現には程遠かった",162,"2018-03-16 02:56:42","2018-03-16 02:56:42",1
960,"できるだけ経営方針の実践を心がけ、それなりに成果も現れた",162,"2018-03-16 02:56:42","2018-03-16 02:56:42",2
961,"実践に対する意識があり、方針実現の一役を担った",162,"2018-03-16 02:56:42","2018-03-16 02:56:42",3
962,"常に意識を持ち、部下へも徹底することで、全社で方針実現に寄与した",162,"2018-03-16 02:56:42","2018-03-16 02:56:42",4
963,"統率力が弱く、部門内がバラバラであった",163,"2018-03-16 02:58:19","2018-03-16 02:58:19",0
964,"統率していたが、部門内の相互連帯感に問題が見られた",163,"2018-03-16 02:58:19","2018-03-16 02:58:19",1
965,"適切に統率し、部門内のまとまりにも問題はなかった",163,"2018-03-16 02:58:19","2018-03-16 02:58:19",2
966,"統率力があり、部門がよくまとまっていた",163,"2018-03-16 02:58:19","2018-03-16 02:58:19",3
967,"統率力があり、部門全体が一致団結して成果を上げた",163,"2018-03-16 02:58:19","2018-03-16 02:58:19",4
968,"目標設定も進捗管理も不十分であった",164,"2018-03-16 02:59:31","2018-03-16 02:59:31",0
969,"目標設定は行ったが、進捗管理は不十分であった",164,"2018-03-16 02:59:31","2018-03-16 02:59:31",1
970,"目標設定・進捗管理ひととおり問題なかった",164,"2018-03-16 02:59:31","2018-03-16 02:59:31",2
971,"目標設定・進捗管理は確実に行った",164,"2018-03-16 02:59:31","2018-03-16 02:59:31",3
972,"目標設定・進捗管理を徹底して行い、全社管理を任せられるレベルであった",164,"2018-03-16 02:59:31","2018-03-16 02:59:31",4
973,"目標設定も進捗管理も不十分であった",165,"2018-03-16 02:59:31","2018-03-16 02:59:31",0
974,"目標設定は行ったが、進捗管理は不十分であった",165,"2018-03-16 02:59:31","2018-03-16 02:59:31",1
975,"目標設定・進捗管理ひととおり問題なかった",165,"2018-03-16 02:59:31","2018-03-16 02:59:31",2
976,"目標設定・進捗管理は確実に行った",165,"2018-03-16 02:59:31","2018-03-16 02:59:31",3
977,"目標設定・進捗管理を徹底して行い、全社管理を任せられるレベルであった",165,"2018-03-16 02:59:31","2018-03-16 02:59:31",4
978,"目標設定も進捗管理も不十分であった",166,"2018-03-16 02:59:31","2018-03-16 02:59:31",0
979,"目標設定は行ったが、進捗管理は不十分であった",166,"2018-03-16 02:59:31","2018-03-16 02:59:31",1
980,"目標設定・進捗管理ひととおり問題なかった",166,"2018-03-16 02:59:31","2018-03-16 02:59:31",2
981,"目標設定・進捗管理は確実に行った",166,"2018-03-16 02:59:31","2018-03-16 02:59:31",3
982,"目標設定・進捗管理を徹底して行い、全社管理を任せられるレベルであった",166,"2018-03-16 02:59:31","2018-03-16 02:59:31",4
983,"目標設定も進捗管理も不十分であった",167,"2018-03-16 04:08:50","2018-03-16 04:08:50",0
984,"目標設定は行ったが、進捗管理は不十分であった",167,"2018-03-16 04:08:50","2018-03-16 04:08:50",1
985,"目標設定・進捗管理ひととおり問題なかった",167,"2018-03-16 04:08:50","2018-03-16 04:08:50",2
986,"目標設定・進捗管理は確実に行った",167,"2018-03-16 04:08:50","2018-03-16 04:08:50",3
987,"目標設定・進捗管理を徹底して行い、全社管理を任せられるレベルであった",167,"2018-03-16 04:08:50","2018-03-16 04:08:50",4
988,"目標設定も進捗管理も不十分であった",168,"2018-03-16 04:08:50","2018-03-16 04:08:50",0
989,"目標設定は行ったが、進捗管理は不十分であった",168,"2018-03-16 04:08:50","2018-03-16 04:08:50",1
990,"目標設定・進捗管理ひととおり問題なかった",168,"2018-03-16 04:08:50","2018-03-16 04:08:50",2
991,"目標設定・進捗管理は確実に行った",168,"2018-03-16 04:08:50","2018-03-16 04:08:50",3
992,"目標設定・進捗管理を徹底して行い、全社管理を任せられるレベルであった",168,"2018-03-16 04:08:50","2018-03-16 04:08:50",4
993,"最低限は保有していたが、日常の業務にはやや不足していた",169,"2018-03-16 04:41:03","2018-03-16 04:41:03",0
994,"必要な知識はマスターしており、日常の業務には支障なかった",169,"2018-03-16 04:41:03","2018-03-16 04:41:03",1
995,"必要な知識・技能は充分に持っており、日常業務にも充分活用していた",169,"2018-03-16 04:41:03","2018-03-16 04:41:03",2
996,"現在の業務に必要な知識ばかりでなく、更に研究して活用していた",169,"2018-03-16 04:41:03","2018-03-16 04:41:03",3
997,"必要な知識は充分に持っており、部下にもわかりやすく指導していた",169,"2018-03-16 04:41:03","2018-03-16 04:41:03",4
998,"最低限は保有していたが、日常の業務にはやや不足していた",170,"2018-03-16 04:41:03","2018-03-16 04:41:03",0
999,"必要な知識はマスターしており、日常の業務には支障なかった",170,"2018-03-16 04:41:03","2018-03-16 04:41:03",1
1000,"必要な知識・技能は充分に持っており、日常業務にも充分活用していた",170,"2018-03-16 04:41:03","2018-03-16 04:41:03",2
1001,"現在の業務に必要な知識ばかりでなく、更に研究して活用していた",170,"2018-03-16 04:41:03","2018-03-16 04:41:03",3
1002,"必要な知識は充分に持っており、部下にもわかりやすく指導していた",170,"2018-03-16 04:41:03","2018-03-16 04:41:03",4
1003,"自発的な企画・立案はなかった",171,"2018-03-16 04:45:38","2018-03-16 04:45:38",0
1004,"企画の提案は少なく、物足りなかった",171,"2018-03-16 04:45:38","2018-03-16 04:45:38",1
1005,"企画・立案は普通程度に行い、実行にも問題はなかった",171,"2018-03-16 04:45:38","2018-03-16 04:45:38",2
1006,"進んで企画を立案し、遂行力も優れていた",171,"2018-03-16 04:45:38","2018-03-16 04:45:38",3
1007,"進んで企画を立案し、推進力もあり、成果が見られた",171,"2018-03-16 04:45:38","2018-03-16 04:45:38",4
1008,"自発的な企画・立案はなかった",172,"2018-03-16 04:45:38","2018-03-16 04:45:38",0
1009,"企画の提案は少なく、物足りなかった",172,"2018-03-16 04:45:38","2018-03-16 04:45:38",1
1010,"企画・立案は普通程度に行い、実行にも問題はなかった",172,"2018-03-16 04:45:38","2018-03-16 04:45:38",2
1011,"進んで企画を立案し、遂行力も優れていた",172,"2018-03-16 04:45:38","2018-03-16 04:45:38",3
1012,"進んで企画を立案し、推進力もあり、成果が見られた",172,"2018-03-16 04:45:38","2018-03-16 04:45:38",4
1013,"問題点を見出せていないことが多かった",173,"2018-03-16 04:58:06","2018-03-16 04:58:06",0
1014,"問題点は認識しているものの、解決への行動が起こせなかった",173,"2018-03-16 04:58:06","2018-03-16 04:58:06",1
1015,"問題点は一通りつかんでおり、問題を解決しようと努力していた",173,"2018-03-16 04:58:06","2018-03-16 04:58:06",2
1016,"多くの問題があっても解決しようと努力しており、たいてい解決できていた",173,"2018-03-16 04:58:06","2018-03-16 04:58:06",3
1017,"いかなる問題があっても努力し、迅速かつ的確な判断のもと、解決できていた",173,"2018-03-16 04:58:06","2018-03-16 04:58:06",4
1018,"問題点を見出せていないことが多かった",174,"2018-03-16 04:58:06","2018-03-16 04:58:06",0
1019,"問題点は認識しているものの、解決への行動が起こせなかった",174,"2018-03-16 04:58:06","2018-03-16 04:58:06",1
1020,"問題点は一通りつかんでおり、問題を解決しようと努力していた",174,"2018-03-16 04:58:06","2018-03-16 04:58:06",2
1021,"多くの問題があっても解決しようと努力しており、たいてい解決できていた",174,"2018-03-16 04:58:06","2018-03-16 04:58:06",3
1022,"いかなる問題があっても努力し、迅速かつ的確な判断のもと、解決できていた",174,"2018-03-16 04:58:06","2018-03-16 04:58:06",4
1023,"連絡ミスが目立った",175,"2018-03-16 05:14:17","2018-03-16 05:14:17",0
1024,"最低限の連絡はしていた",175,"2018-03-16 05:14:17","2018-03-16 05:14:17",1
1025,"連絡を密に行い、問題なく対応できる",175,"2018-03-16 05:14:17","2018-03-16 05:14:17",2
1026,"先手先手の連絡で、情報伝達が行き届いていた",175,"2018-03-16 05:14:17","2018-03-16 05:14:17",3
1027,"他部署への助言、指導も積極的に行った",175,"2018-03-16 05:14:17","2018-03-16 05:14:17",4
1028,"連絡ミスが目立った",176,"2018-03-16 05:14:17","2018-03-16 05:14:17",0
1029,"最低限の連絡はしていた",176,"2018-03-16 05:14:17","2018-03-16 05:14:17",1
1030,"連絡を密に行い、問題なく対応できる",176,"2018-03-16 05:14:17","2018-03-16 05:14:17",2
1031,"先手先手の連絡で、情報伝達が行き届いていた",176,"2018-03-16 05:14:17","2018-03-16 05:14:17",3
1032,"他部署への助言、指導も積極的に行った",176,"2018-03-16 05:14:17","2018-03-16 05:14:17",4
1033,"外部とのつきあいや交渉はしなかった",177,"2018-03-16 05:29:45","2018-03-16 05:29:45",0
1034,"外部とのつきあいは最低限行ったが、交渉はできなかった",177,"2018-03-16 05:29:45","2018-03-16 05:29:45",1
1035,"外部とのつきあい、交渉は問題なく行っていた",177,"2018-03-16 05:29:45","2018-03-16 05:29:45",2
1036,"外部とのつきあいは適切で、交渉が上手だった",177,"2018-03-16 05:29:45","2018-03-16 05:29:45",3
1037,"外部とのつきあいは適切で、交渉がうまく、成果が上がった",177,"2018-03-16 05:29:45","2018-03-16 05:29:45",4
1038,"全くできなかった",178,"2018-03-16 05:31:53","2018-03-16 05:31:53",0
1039,"やや不十分であった",178,"2018-03-16 05:31:53","2018-03-16 05:31:53",1
1040,"特に問題はなく、普通に管理していた",178,"2018-03-16 05:31:53","2018-03-16 05:31:53",2
1041,"十分に指導・管理を行っていた",178,"2018-03-16 05:31:53","2018-03-16 05:31:53",3
1042,"十分な指導・管理を行い、成果が見られた",178,"2018-03-16 05:31:53","2018-03-16 05:31:53",4
1043,"部下指導に対する意識は低く、教育をしなかった",179,"2018-03-16 05:33:53","2018-03-16 05:33:53",0
1044,"部下指導の意識はあったが、教育の実践は不十分であった",179,"2018-03-16 05:33:53","2018-03-16 05:33:53",1
1045,"部下に対する指導・教育は問題なく行った",179,"2018-03-16 05:33:53","2018-03-16 05:33:53",2
1046,"部下に対する指導を常に行い、熱心に教育した",179,"2018-03-16 05:33:53","2018-03-16 05:33:53",3
1047,"部下に対する指導・教育は熱心で、次期管理職を輩出した",179,"2018-03-16 05:33:53","2018-03-16 05:33:53",4
1048,"ほとんど独力では処理ができなかった",180,"2018-03-16 05:35:13","2018-03-16 05:35:13",0
1049,"一応処理にあたるが、遅れたり、不適切なことが多かった",180,"2018-03-16 05:35:13","2018-03-16 05:35:13",1
1050,"自分で対処できることの判断ができ、ほぼ問題は発生しなかった",180,"2018-03-16 05:35:13","2018-03-16 05:35:13",2
1051,"内容を理解し、的確に処理し、報告も遅れず行った",180,"2018-03-16 05:35:13","2018-03-16 05:35:13",3
1052,"内容を理解し、常に迅速かつ的確な処理を行い、報告も十分であった",180,"2018-03-16 05:35:13","2018-03-16 05:35:13",4
1053,"自身の意識が希薄で、部下に指導できるレベルではなかった",181,"2018-03-16 05:36:58","2018-03-16 05:36:58",0
1054,"意識はあったが不十分であり、部下への徹底も弱かった",181,"2018-03-16 05:36:58","2018-03-16 05:36:58",1
1055,"意識面に問題はなく、普通には実践し、部下へも指導していた",181,"2018-03-16 05:36:58","2018-03-16 05:36:58",2
1056,"徹底して遵守し、部下へも指導した",181,"2018-03-16 05:36:58","2018-03-16 05:36:58",3
1057,"他の模範となるレベルで、部下へも徹底し、部署全体の意識を高めた",181,"2018-03-16 05:36:58","2018-03-16 05:36:58",4
1058,"報告・連絡・相談を行わず、支障をきたした",182,"2018-03-16 05:38:06","2018-03-16 05:38:06",0
1059,"報告・連絡・相談が不十分であった",182,"2018-03-16 05:38:06","2018-03-16 05:38:06",1
1060,"報告・連絡・相談は問題なく行っていた",182,"2018-03-16 05:38:06","2018-03-16 05:38:06",2
1061,"報告・連絡・相談に抜け・もれはなく、安心できた",182,"2018-03-16 05:38:06","2018-03-16 05:38:06",3
1062,"報告・連絡・相談を率先して行い、部下の手本となった",182,"2018-03-16 05:38:06","2018-03-16 05:38:06",4
1063,"顧客志向が希薄で、信頼関係やシェア、新たな展開などの成果は見られなかった",183,"2018-03-16 05:40:21","2018-03-16 05:40:21",0
1064,"顧客志向はあるものの、信頼関係やシェアなどの成果にはつながらなかった",183,"2018-03-16 05:40:21","2018-03-16 05:40:21",1
1065,"顧客との信頼関係は普通で、シェアや関係発展などもそれなりには成果があった",183,"2018-03-16 05:40:21","2018-03-16 05:40:21",2
1066,"顧客との信頼関係を深め、シェアや関係発展などの成果が見られた",183,"2018-03-16 05:40:21","2018-03-16 05:40:21",3
1067,"顧客との信頼関係を深め、著しい成果を上げ貢献した",183,"2018-03-16 05:40:21","2018-03-16 05:40:21",4
1068,"品質管理に対する意識が希薄で、問題があった",184,"2018-03-16 06:02:25","2018-03-16 06:02:25",0
1069,"品質管理に対する意識はあったが、実行度は物足りなかった",184,"2018-03-16 06:02:25","2018-03-16 06:02:25",1
1070,"品質管理は普通には行っていた",184,"2018-03-16 06:02:25","2018-03-16 06:02:25",2
1071,"品質管理に対する意識が高く、常に実践していた",184,"2018-03-16 06:02:25","2018-03-16 06:02:25",3
1072,"常に高い意識で品質管理を行い、品質向上につながった",184,"2018-03-16 06:02:25","2018-03-16 06:02:25",4
1078,"心がけに欠けており、指示・命令にも反映されていなかった",186,"2018-03-16 06:13:22","2018-03-16 06:13:22",0
1079,"意識はあるが、経営方針の実現には程遠かった",186,"2018-03-16 06:13:22","2018-03-16 06:13:22",1
1080,"できるだけ経営方針の実践を心がけ、それなりに成果も現れた",186,"2018-03-16 06:13:22","2018-03-16 06:13:22",2
1081,"実践に対する意識があり、方針実現の一役を担った",186,"2018-03-16 06:13:22","2018-03-16 06:13:22",3
1082,"常に意識を持ち、部下へも徹底することで、全社で方針実現に寄与した",186,"2018-03-16 06:13:22","2018-03-16 06:13:22",4
1083,"統率力が弱く、部門内がバラバラであった",187,"2018-03-16 06:14:39","2018-03-16 06:14:39",0
1084,"統率していたが、部門内の相互連帯感に問題が見られた",187,"2018-03-16 06:14:39","2018-03-16 06:14:39",1
1085,"適切に統率し、部門内のまとまりにも問題はなかった",187,"2018-03-16 06:14:39","2018-03-16 06:14:39",2
1086,"統率力があり、部門がよくまとまっていた",187,"2018-03-16 06:14:39","2018-03-16 06:14:39",3
1087,"統率力があり、部門全体が一致団結して成果を上げた",187,"2018-03-16 06:14:39","2018-03-16 06:14:39",4
1088,"目標設定も進捗管理も不十分であった",188,"2018-03-16 06:15:43","2018-03-16 06:15:43",0
1089,"目標設定は行ったが、進捗管理は不十分であった",188,"2018-03-16 06:15:43","2018-03-16 06:15:43",1
1090,"目標設定・進捗管理ひととおり問題なかった",188,"2018-03-16 06:15:43","2018-03-16 06:15:43",2
1091,"目標設定・進捗管理は確実に行った",188,"2018-03-16 06:15:43","2018-03-16 06:15:43",3
1092,"目標設定・進捗管理を徹底して行い、全社管理を任せられるレベルであった",188,"2018-03-16 06:15:43","2018-03-16 06:15:43",4
1093,"担当部署に意識が集中し、全社的な課題を把握していなかった",189,"2018-03-16 06:16:47","2018-03-16 06:16:47",0
1094,"全社的課題は把握しているものの、具体策を提案できなかった",189,"2018-03-16 06:16:47","2018-03-16 06:16:47",1
1095,"全社的課題を正しく捉え、課題解決策を提案していた",189,"2018-03-16 06:16:47","2018-03-16 06:16:47",2
1096,"全社的課題の解決策を提案し、自ら責任を持って実行していた",189,"2018-03-16 06:16:47","2018-03-16 06:16:47",3
1097,"課題が解決に向け、粘り強く行動し、大きな成果をあげていた",189,"2018-03-16 06:16:47","2018-03-16 06:16:47",4
1098,"全社的思考・戦略的思考に欠けていた",190,"2018-03-16 06:17:49","2018-03-16 06:17:49",0
1099,"意識はあったが、具体的な提案はなかった",190,"2018-03-16 06:17:49","2018-03-16 06:17:49",1
1100,"全社的思考・戦略的思考にひととおり問題はなく、提案もそれなりにはあった",190,"2018-03-16 06:17:49","2018-03-16 06:17:49",2
1101,"意識が高く、提案も多かった",190,"2018-03-16 06:17:49","2018-03-16 06:17:49",3
1102,"意識が高く、提案によって、具体的な成果が見られた",190,"2018-03-16 06:17:49","2018-03-16 06:17:49",4
1103,"外部とのつきあいや交渉はしなかった",191,"2018-03-16 06:18:50","2018-03-16 06:18:50",0
1104,"外部とのつきあいは最低限行ったが、交渉はできなかった",191,"2018-03-16 06:18:50","2018-03-16 06:18:50",1
1105,"外部とのつきあい、交渉は問題なく行っていた",191,"2018-03-16 06:18:50","2018-03-16 06:18:50",2
1106,"外部とのつきあいは適切で、交渉が上手だった",191,"2018-03-16 06:18:50","2018-03-16 06:18:50",3
1107,"外部とのつきあいは適切で、交渉がうまく、成果が上がった",191,"2018-03-16 06:18:50","2018-03-16 06:18:50",4
1108,"部下指導に対する意識は低く、教育をしなかった",192,"2018-03-16 06:20:17","2018-03-16 06:20:17",0
1109,"部下指導の意識はあったが、教育の実践は不十分であった",192,"2018-03-16 06:20:17","2018-03-16 06:20:17",1
1110,"部下に対する指導・教育は問題なく行った",192,"2018-03-16 06:20:17","2018-03-16 06:20:17",2
1111,"部下に対する指導を常に行い、熱心に教育した",192,"2018-03-16 06:20:17","2018-03-16 06:20:17",3
1112,"部下に対する指導・教育は熱心で、次期管理職を輩出した",192,"2018-03-16 06:20:17","2018-03-16 06:20:17",4
1113,"部下の管理は杜撰であり、問題が生じた",193,"2018-03-16 06:22:18","2018-03-16 06:22:18",0
1114,"部下の管理は不十分で物足りなかった",193,"2018-03-16 06:22:18","2018-03-16 06:22:18",1
1115,"部下の管理はひととおり問題なく行っていた",193,"2018-03-16 06:22:18","2018-03-16 06:22:18",2
1116,"部下の管理を確実に行った",193,"2018-03-16 06:22:18","2018-03-16 06:22:18",3
1117,"部下の管理を確実に行い、指導の成果が見られた",193,"2018-03-16 06:22:18","2018-03-16 06:22:18",4
1118,"自身の意識が希薄で、部下に指導できるレベルではなかった",194,"2018-03-16 06:23:12","2018-03-16 06:23:12",0
1119,"意識はあったが不十分であり、部下への徹底も弱かった",194,"2018-03-16 06:23:12","2018-03-16 06:23:12",1
1120,"意識面に問題はなく、普通には実践し、部下へも指導していた",194,"2018-03-16 06:23:12","2018-03-16 06:23:12",2
1121,"徹底して遵守し、部下へも指導した",194,"2018-03-16 06:23:12","2018-03-16 06:23:12",3
1122,"他の模範となるレベルで、部下へも徹底し、部署全体の意識を高めた",194,"2018-03-16 06:23:12","2018-03-16 06:23:12",4
1123,"報告・連絡・相談を行わず、支障をきたした",195,"2018-03-16 06:24:08","2018-03-16 06:24:08",0
1124,"報告・連絡・相談が不十分であった",195,"2018-03-16 06:24:08","2018-03-16 06:24:08",1
1125,"報告・連絡・相談は問題なく行っていた",195,"2018-03-16 06:24:08","2018-03-16 06:24:08",2
1126,"報告・連絡・相談に抜け・もれはなく、安心できた",195,"2018-03-16 06:24:08","2018-03-16 06:24:08",3
1127,"報告・連絡・相談を率先して行い、部下の手本となった",195,"2018-03-16 06:24:08","2018-03-16 06:24:08",4
